time,FLOW
2016-01-01 00:00:00,2.64082
2016-01-02 00:00:00,2.43061
2016-01-03 00:00:00,2.44699
2016-01-04 00:00:00,2.3569
2016-01-05 00:00:00,2.28592
2016-01-06 00:00:00,2.00837
2016-01-07 00:00:00,2.06661
2016-01-08 00:00:00,1.93011
2016-01-09 00:00:00,2.22131
2016-01-10 00:00:00,2.71453
2016-01-11 00:00:00,2.39148
2016-01-12 00:00:00,2.01292
2016-01-13 00:00:00,1.89189
2016-01-14 00:00:00,1.93102
2016-01-15 00:00:00,1.67986
2016-01-16 00:00:00,1.43234
2016-01-17 00:00:00,1.20757
2016-01-18 00:00:00,1.01465
2016-01-19 00:00:00,0.87906
2016-01-20 00:00:00,0.76531
2016-01-21 00:00:00,0.75166
2016-01-22 00:00:00,1.89553
2016-01-23 00:00:00,2.14487
2016-01-24 00:00:00,2.40422
2016-01-25 00:00:00,2.13759
2016-01-26 00:00:00,3.05851
2016-01-27 00:00:00,3.79925
2016-01-28 00:00:00,3.43161
2016-01-29 00:00:00,3.04486
2016-01-30 00:00:00,2.45245
2016-01-31 00:00:00,2.2204
2016-02-01 00:00:00,2.44244
2016-02-02 00:00:00,2.06661
2016-02-03 00:00:00,1.75175
2016-02-04 00:00:00,1.68259
2016-02-05 00:00:00,1.73446
2016-02-06 00:00:00,2.03112
2016-02-07 00:00:00,2.22859
2016-02-08 00:00:00,2.77732
2016-02-09 00:00:00,3.22049
2016-02-10 00:00:00,2.63809
2016-02-11 00:00:00,2.06752
2016-02-12 00:00:00,1.64528
2016-02-13 00:00:00,1.30312
2016-02-14 00:00:00,1.02739
2016-02-15 00:00:00,0.80808
2016-02-16 00:00:00,0.79352
2016-02-17 00:00:00,1.49968
2016-02-18 00:00:00,1.42961
2016-02-19 00:00:00,1.64528
2016-02-20 00:00:00,2.12121
2016-02-21 00:00:00,2.48794
2016-02-22 00:00:00,2.32141
2016-02-23 00:00:00,1.89644
2016-02-24 00:00:00,1.53881
2016-02-25 00:00:00,1.23032
2016-02-26 00:00:00,0.97552
2016-02-27 00:00:00,0.80171
2016-02-28 00:00:00,0.6734
2016-02-29 00:00:00,0.88361
2016-03-01 00:00:00,2.91109
2016-03-02 00:00:00,2.68359
2016-03-03 00:00:00,2.22586
2016-03-04 00:00:00,2.1021
2016-03-05 00:00:00,1.80089
2016-03-06 00:00:00,1.48785
2016-03-07 00:00:00,1.20211
2016-03-08 00:00:00,1.04195
2016-03-09 00:00:00,0.90181
2016-03-10 00:00:00,0.79443
2016-03-11 00:00:00,0.68068
2016-03-12 00:00:00,0.58786
2016-03-13 00:00:00,0.51688
2016-03-14 00:00:00,0.45409
2016-03-15 00:00:00,0.4004
2016-03-16 00:00:00,0.35763
2016-03-17 00:00:00,0.32396
2016-03-18 00:00:00,0.29484
2016-03-19 00:00:00,0.273
2016-03-20 00:00:00,0.25207
2016-03-21 00:00:00,0.23205
2016-03-22 00:00:00,0.21749
2016-03-23 00:00:00,0.20202
2016-03-24 00:00:00,0.22022
2016-03-25 00:00:00,0.21294
2016-03-26 00:00:00,0.23205
2016-03-27 00:00:00,0.273
2016-03-28 00:00:00,0.273
2016-03-29 00:00:00,0.3276
2016-03-30 00:00:00,0.44681
2016-03-31 00:00:00,0.44226
2016-04-01 00:00:00,0.7007
2016-04-02 00:00:00,1.99745
2016-04-03 00:00:00,2.11757
2016-04-04 00:00:00,1.91464
2016-04-05 00:00:00,1.62162
2016-04-06 00:00:00,1.49331
2016-04-07 00:00:00,1.40504
2016-04-08 00:00:00,1.25762
2016-04-09 00:00:00,1.23123
2016-04-10 00:00:00,1.06561
2016-04-11 00:00:00,0.91273
2016-04-12 00:00:00,1.07471
2016-04-13 00:00:00,1.18482
2016-04-14 00:00:00,1.06106
2016-04-15 00:00:00,0.91
2016-04-16 00:00:00,0.77532
2016-04-17 00:00:00,0.66339
2016-04-18 00:00:00,0.57603
2016-04-19 00:00:00,0.49868
2016-04-20 00:00:00,0.4368
2016-04-21 00:00:00,0.38766
2016-04-22 00:00:00,0.34398
2016-04-23 00:00:00,0.30849
2016-04-24 00:00:00,0.27937
2016-04-25 00:00:00,0.25844
2016-04-26 00:00:00,0.23023
2016-04-27 00:00:00,0.2184
2016-04-28 00:00:00,0.27937
2016-04-29 00:00:00,0.31577
2016-04-30 00:00:00,0.30121
2016-05-01 00:00:00,0.40313
2016-05-02 00:00:00,0.66885
2016-05-03 00:00:00,0.67158
2016-05-04 00:00:00,0.60879
2016-05-05 00:00:00,0.54873
2016-05-06 00:00:00,0.49322
2016-05-07 00:00:00,0.44408
2016-05-08 00:00:00,0.39949
2016-05-09 00:00:00,0.35854
2016-05-10 00:00:00,0.32851
2016-05-11 00:00:00,0.30121
2016-05-12 00:00:00,0.27118
2016-05-13 00:00:00,0.23933
2016-05-14 00:00:00,0.21749
2016-05-15 00:00:00,0.19929
2016-05-16 00:00:00,0.18564
2016-05-17 00:00:00,0.18018
2016-05-18 00:00:00,0.18382
2016-05-19 00:00:00,0.17381
2016-05-20 00:00:00,0.18655
2016-05-21 00:00:00,0.25753
2016-05-22 00:00:00,0.24843
2016-05-23 00:00:00,0.22568
2016-05-24 00:00:00,0.20111
2016-05-25 00:00:00,0.18291
2016-05-26 00:00:00,0.16926
2016-05-27 00:00:00,0.15379
2016-05-28 00:00:00,0.14287
2016-05-29 00:00:00,0.13104
2016-05-30 00:00:00,0.12376
2016-05-31 00:00:00,0.11102
2016-06-01 00:00:00,0.09191
2016-06-02 00:00:00,0.07917
2016-06-03 00:00:00,0.07189
2016-06-04 00:00:00,0.06734
2016-06-05 00:00:00,0.06279
2016-06-06 00:00:00,0.05824
2016-06-07 00:00:00,0.0546
2016-06-08 00:00:00,0.0546
2016-06-09 00:00:00,0.05187
2016-06-10 00:00:00,0.05005
2016-06-11 00:00:00,0.06097
2016-06-12 00:00:00,0.06188
2016-06-13 00:00:00,0.07098
2016-06-14 00:00:00,0.07098
2016-06-15 00:00:00,0.06916
2016-06-16 00:00:00,0.07007
2016-06-17 00:00:00,0.06552
2016-06-18 00:00:00,0.05915
2016-06-19 00:00:00,0.20202
2016-06-20 00:00:00,0.34034
2016-06-21 00:00:00,0.31031
2016-06-22 00:00:00,0.26754
2016-06-23 00:00:00,0.22932
2016-06-24 00:00:00,0.2002
2016-06-25 00:00:00,0.19383
2016-06-26 00:00:00,0.18746
2016-06-27 00:00:00,0.16835
2016-06-28 00:00:00,0.19565
2016-06-29 00:00:00,0.34762
2016-06-30 00:00:00,0.44317
2016-07-01 00:00:00,0.54873
2016-07-02 00:00:00,0.58604
2016-07-03 00:00:00,0.61516
2016-07-04 00:00:00,0.62153
2016-07-05 00:00:00,0.64246
2016-07-06 00:00:00,0.57512
2016-07-07 00:00:00,0.54418
2016-07-08 00:00:00,0.52325
2016-07-09 00:00:00,0.86632
2016-07-10 00:00:00,1.21849
2016-07-11 00:00:00,1.5197
2016-07-12 00:00:00,1.31404
2016-07-13 00:00:00,1.03649
2016-07-14 00:00:00,0.82173
2016-07-15 00:00:00,0.76531
2016-07-16 00:00:00,0.80262
2016-07-17 00:00:00,0.68614
2016-07-18 00:00:00,0.57785
2016-07-19 00:00:00,0.49231
2016-07-20 00:00:00,0.54327
2016-07-21 00:00:00,0.48776
2016-07-22 00:00:00,0.42315
2016-07-23 00:00:00,0.36673
2016-07-24 00:00:00,0.34398
2016-07-25 00:00:00,0.31668
2016-07-26 00:00:00,0.3276
2016-07-27 00:00:00,0.4277
2016-07-28 00:00:00,0.4641
2016-07-29 00:00:00,0.49868
2016-07-30 00:00:00,0.45136
2016-07-31 00:00:00,0.40313
2016-08-01 00:00:00,0.35672
2016-08-02 00:00:00,0.35217
2016-08-03 00:00:00,0.46592
2016-08-04 00:00:00,0.57148
2016-08-05 00:00:00,0.53599
2016-08-06 00:00:00,0.49049
2016-08-07 00:00:00,0.4914
2016-08-08 00:00:00,0.49868
2016-08-09 00:00:00,0.44499
2016-08-10 00:00:00,0.40859
2016-08-11 00:00:00,0.40859
2016-08-12 00:00:00,0.39767
2016-08-13 00:00:00,0.39039
2016-08-14 00:00:00,0.3549
2016-08-15 00:00:00,0.3185
2016-08-16 00:00:00,0.28392
2016-08-17 00:00:00,0.25116
2016-08-18 00:00:00,0.22386
2016-08-19 00:00:00,0.33124
2016-08-20 00:00:00,2.18673
2016-08-21 00:00:00,3.18864
2016-08-22 00:00:00,4.01401
2016-08-23 00:00:00,3.54809
2016-08-24 00:00:00,2.75093
2016-08-25 00:00:00,2.02748
2016-08-26 00:00:00,1.46146
2016-08-27 00:00:00,1.07835
2016-08-28 00:00:00,0.98007
2016-08-29 00:00:00,0.79352
2016-08-30 00:00:00,0.65247
2016-08-31 00:00:00,0.58513
2016-09-01 00:00:00,0.51688
2016-09-02 00:00:00,0.4914
2016-09-03 00:00:00,0.59878
2016-09-04 00:00:00,0.67067
2016-09-05 00:00:00,0.64974
2016-09-06 00:00:00,0.61971
2016-09-07 00:00:00,0.56511
2016-09-08 00:00:00,0.66703
2016-09-09 00:00:00,1.12203
2016-09-10 00:00:00,1.8109
2016-09-11 00:00:00,1.58158
2016-09-12 00:00:00,1.27582
2016-09-13 00:00:00,1.03285
2016-09-14 00:00:00,0.85631
2016-09-15 00:00:00,0.7098
2016-09-16 00:00:00,0.59696
2016-09-17 00:00:00,0.49504
2016-09-18 00:00:00,0.42406
2016-09-19 00:00:00,0.37037
2016-09-20 00:00:00,0.32123
2016-09-21 00:00:00,0.44044
2016-09-22 00:00:00,0.63973
2016-09-23 00:00:00,0.58877
2016-09-24 00:00:00,0.53417
2016-09-25 00:00:00,0.54873
2016-09-26 00:00:00,0.58968
2016-09-27 00:00:00,0.78442
2016-09-28 00:00:00,1.33588
2016-09-29 00:00:00,2.33324
2016-09-30 00:00:00,2.49067
2016-10-01 00:00:00,2.21494
2016-10-02 00:00:00,1.77086
2016-10-03 00:00:00,1.36318
2016-10-04 00:00:00,1.03194
2016-10-05 00:00:00,0.80535
2016-10-06 00:00:00,0.65247
2016-10-07 00:00:00,0.54236
2016-10-08 00:00:00,0.45864
2016-10-09 00:00:00,0.39494
2016-10-10 00:00:00,0.34398
2016-10-11 00:00:00,0.30121
2016-10-12 00:00:00,0.26663
2016-10-13 00:00:00,0.24115
2016-10-14 00:00:00,0.21931
2016-10-15 00:00:00,0.19929
2016-10-16 00:00:00,0.19383
2016-10-17 00:00:00,0.2457
2016-10-18 00:00:00,0.37037
2016-10-19 00:00:00,0.39949
2016-10-20 00:00:00,0.37037
2016-10-21 00:00:00,0.3367
2016-10-22 00:00:00,0.30849
2016-10-23 00:00:00,0.28028
2016-10-24 00:00:00,0.25116
2016-10-25 00:00:00,0.23387
2016-10-26 00:00:00,0.24206
2016-10-27 00:00:00,0.26572
2016-10-28 00:00:00,0.33124
2016-10-29 00:00:00,0.33579
2016-10-30 00:00:00,0.32578
2016-10-31 00:00:00,0.31122
2016-11-01 00:00:00,0.29029
2016-11-02 00:00:00,0.26754
2016-11-03 00:00:00,0.26754
2016-11-04 00:00:00,0.30212
2016-11-05 00:00:00,0.31577
2016-11-06 00:00:00,0.2912
2016-11-07 00:00:00,0.273
2016-11-08 00:00:00,0.28028
2016-11-09 00:00:00,0.34853
2016-11-10 00:00:00,0.4459
2016-11-11 00:00:00,0.62426
2016-11-12 00:00:00,1.62799
2016-11-13 00:00:00,1.59523
2016-11-14 00:00:00,1.46237
2016-11-15 00:00:00,1.29857
2016-11-16 00:00:00,1.73901
2016-11-17 00:00:00,2.26863
2016-11-18 00:00:00,2.54345
2016-11-19 00:00:00,2.57621
2016-11-20 00:00:00,2.15579
2016-11-21 00:00:00,1.73719
2016-11-22 00:00:00,1.39503
2016-11-23 00:00:00,1.0738
2016-11-24 00:00:00,0.85358
2016-11-25 00:00:00,0.70707
2016-11-26 00:00:00,0.59787
2016-11-27 00:00:00,0.5187
2016-11-28 00:00:00,0.45318
2016-11-29 00:00:00,0.39858
2016-11-30 00:00:00,0.35672
2016-12-01 00:00:00,0.32305
2016-12-02 00:00:00,0.29575
2016-12-03 00:00:00,0.273
2016-12-04 00:00:00,0.25116
2016-12-05 00:00:00,0.23114
2016-12-06 00:00:00,0.22295
2016-12-07 00:00:00,0.30485
2016-12-08 00:00:00,0.44135
2016-12-09 00:00:00,0.60788
2016-12-10 00:00:00,0.67795
2016-12-11 00:00:00,0.64519
2016-12-12 00:00:00,0.59969
2016-12-13 00:00:00,0.58968
2016-12-14 00:00:00,0.60333
2016-12-15 00:00:00,0.58149
2016-12-16 00:00:00,0.5915
2016-12-17 00:00:00,0.55874
2016-12-18 00:00:00,0.51688
2016-12-19 00:00:00,0.47866
2016-12-20 00:00:00,0.48048
2016-12-21 00:00:00,0.69069
2016-12-22 00:00:00,0.71253
2016-12-23 00:00:00,1.30039
2016-12-24 00:00:00,1.72991
2016-12-25 00:00:00,1.85003
2016-12-26 00:00:00,1.70989
2016-12-27 00:00:00,1.39958
2016-12-28 00:00:00,1.11384
2016-12-29 00:00:00,0.88907
2016-12-30 00:00:00,0.74347
2016-12-31 00:00:00,0.67522
2017-01-01 00:00:00,0.68523
2017-01-02 00:00:00,0.59241
2017-01-03 00:00:00,0.52234
2017-01-04 00:00:00,0.46228
2017-01-05 00:00:00,0.41132
2017-01-06 00:00:00,0.4186
2017-01-07 00:00:00,0.41132
2017-01-08 00:00:00,0.38948
2017-01-09 00:00:00,0.60515
2017-01-10 00:00:00,0.78988
2017-01-11 00:00:00,0.92365
2017-01-12 00:00:00,0.92092
2017-01-13 00:00:00,0.84539
2017-01-14 00:00:00,0.76531
2017-01-15 00:00:00,0.7644
2017-01-16 00:00:00,0.70525
2017-01-17 00:00:00,0.63791
2017-01-18 00:00:00,0.57694
2017-01-19 00:00:00,0.52052
2017-01-20 00:00:00,0.47047
2017-01-21 00:00:00,0.42497
2017-01-22 00:00:00,0.38402
2017-01-23 00:00:00,0.35035
2017-01-24 00:00:00,0.34398
2017-01-25 00:00:00,0.34489
2017-01-26 00:00:00,0.32487
2017-01-27 00:00:00,0.29939
2017-01-28 00:00:00,0.34307
2017-01-29 00:00:00,0.38493
2017-01-30 00:00:00,0.36946
2017-01-31 00:00:00,0.79352
2017-02-01 00:00:00,1.10929
2017-02-02 00:00:00,1.12567
2017-02-03 00:00:00,1.04377
2017-02-04 00:00:00,0.98826
2017-02-05 00:00:00,0.90727
2017-02-06 00:00:00,0.99918
2017-02-07 00:00:00,1.82637
2017-02-08 00:00:00,1.65893
2017-02-09 00:00:00,1.33952
2017-02-10 00:00:00,1.04832
2017-02-11 00:00:00,0.83811
2017-02-12 00:00:00,0.68978
2017-02-13 00:00:00,0.57876
2017-02-14 00:00:00,0.5005
2017-02-15 00:00:00,0.44681
2017-02-16 00:00:00,0.40859
2017-02-17 00:00:00,0.38584
2017-02-18 00:00:00,0.36036
2017-02-19 00:00:00,0.33852
2017-02-20 00:00:00,0.34944
2017-02-21 00:00:00,0.55237
2017-02-22 00:00:00,0.97188
2017-02-23 00:00:00,1.56702
2017-02-24 00:00:00,1.57066
2017-02-25 00:00:00,2.65902
2017-02-26 00:00:00,2.72818
2017-02-27 00:00:00,2.24861
2017-02-28 00:00:00,1.7472
2017-03-01 00:00:00,1.46965
2017-03-02 00:00:00,1.40413
2017-03-03 00:00:00,1.60706
2017-03-04 00:00:00,1.73901
2017-03-05 00:00:00,1.66439
2017-03-06 00:00:00,1.41141
2017-03-07 00:00:00,1.28037
2017-03-08 00:00:00,1.63345
2017-03-09 00:00:00,1.40231
2017-03-10 00:00:00,1.17208
2017-03-11 00:00:00,1.00919
2017-03-12 00:00:00,0.90909
2017-03-13 00:00:00,0.78715
2017-03-14 00:00:00,0.68523
2017-03-15 00:00:00,0.5915
2017-03-16 00:00:00,0.55328
2017-03-17 00:00:00,1.27582
2017-03-18 00:00:00,2.38966
2017-03-19 00:00:00,4.18782
2017-03-20 00:00:00,3.60724
2017-03-21 00:00:00,2.72818
2017-03-22 00:00:00,3.19956
2017-03-23 00:00:00,3.09946
2017-03-24 00:00:00,2.39603
2017-03-25 00:00:00,1.80453
2017-03-26 00:00:00,1.34225
2017-03-27 00:00:00,0.99736
2017-03-28 00:00:00,0.79352
2017-03-29 00:00:00,0.90363
2017-03-30 00:00:00,2.35053
2017-03-31 00:00:00,3.09218
2017-04-01 00:00:00,2.64537
2017-04-02 00:00:00,2.05933
2017-04-03 00:00:00,1.60797
2017-04-04 00:00:00,1.33406
2017-04-05 00:00:00,1.02466
2017-04-06 00:00:00,0.81718
2017-04-07 00:00:00,0.67886
2017-04-08 00:00:00,0.57239
2017-04-09 00:00:00,0.49231
2017-04-10 00:00:00,0.42406
2017-04-11 00:00:00,0.37401
2017-04-12 00:00:00,0.35763
2017-04-13 00:00:00,0.32123
2017-04-14 00:00:00,0.29757
2017-04-15 00:00:00,0.26845
2017-04-16 00:00:00,0.26481
2017-04-17 00:00:00,0.24934
2017-04-18 00:00:00,0.22841
2017-04-19 00:00:00,0.21203
2017-04-20 00:00:00,0.19929
2017-04-21 00:00:00,0.18746
2017-04-22 00:00:00,0.17199
2017-04-23 00:00:00,0.16107
2017-04-24 00:00:00,0.15561
2017-04-25 00:00:00,0.14378
2017-04-26 00:00:00,0.13013
2017-04-27 00:00:00,0.12376
2017-04-28 00:00:00,0.11557
2017-04-29 00:00:00,0.1092
2017-04-30 00:00:00,0.10374
2017-05-01 00:00:00,0.09828
2017-05-02 00:00:00,0.091
2017-05-03 00:00:00,0.08554
2017-05-04 00:00:00,0.07553
2017-05-05 00:00:00,0.07007
2017-05-06 00:00:00,0.06461
2017-05-07 00:00:00,0.06097
2017-05-08 00:00:00,0.05551
2017-05-09 00:00:00,0.05005
2017-05-10 00:00:00,0.04823
2017-05-11 00:00:00,0.0455
2017-05-12 00:00:00,0.04459
2017-05-13 00:00:00,0.05096
2017-05-14 00:00:00,0.05278
2017-05-15 00:00:00,0.47775
2017-05-16 00:00:00,1.07926
2017-05-17 00:00:00,0.96187
2017-05-18 00:00:00,0.77623
2017-05-19 00:00:00,0.62699
2017-05-20 00:00:00,0.52234
2017-05-21 00:00:00,0.45136
2017-05-22 00:00:00,0.38857
2017-05-23 00:00:00,0.33306
2017-05-24 00:00:00,0.28938
2017-05-25 00:00:00,0.2548
2017-05-26 00:00:00,0.22022
2017-05-27 00:00:00,0.23751
2017-05-28 00:00:00,0.23387
2017-05-29 00:00:00,0.24752
2017-05-30 00:00:00,0.25025
2017-05-31 00:00:00,0.2275
2017-06-01 00:00:00,0.20748
2017-06-02 00:00:00,0.20748
2017-06-03 00:00:00,0.18655
2017-06-04 00:00:00,0.16744
2017-06-05 00:00:00,0.66885
2017-06-06 00:00:00,2.01747
2017-06-07 00:00:00,2.04204
2017-06-08 00:00:00,2.1385
2017-06-09 00:00:00,1.89098
2017-06-10 00:00:00,2.34234
2017-06-11 00:00:00,2.20038
2017-06-12 00:00:00,1.72081
2017-06-13 00:00:00,1.29948
2017-06-14 00:00:00,0.95823
2017-06-15 00:00:00,0.75985
2017-06-16 00:00:00,0.61334
2017-06-17 00:00:00,0.49959
2017-06-18 00:00:00,0.41314
2017-06-19 00:00:00,0.34853
2017-06-20 00:00:00,0.29211
2017-06-21 00:00:00,0.25662
2017-06-22 00:00:00,0.22568
2017-06-23 00:00:00,0.23387
2017-06-24 00:00:00,0.21112
2017-06-25 00:00:00,0.18291
2017-06-26 00:00:00,0.17017
2017-06-27 00:00:00,0.33852
2017-06-28 00:00:00,0.43498
2017-06-29 00:00:00,0.48321
2017-06-30 00:00:00,0.44499
2017-07-01 00:00:00,0.39858
2017-07-02 00:00:00,0.36491
2017-07-03 00:00:00,0.35308
2017-07-04 00:00:00,0.42861
2017-07-05 00:00:00,0.48139
2017-07-06 00:00:00,0.4459
2017-07-07 00:00:00,0.4004
2017-07-08 00:00:00,0.35217
2017-07-09 00:00:00,0.31213
2017-07-10 00:00:00,0.28392
2017-07-11 00:00:00,0.27573
2017-07-12 00:00:00,0.2457
2017-07-13 00:00:00,0.22295
2017-07-14 00:00:00,0.20839
2017-07-15 00:00:00,0.2275
2017-07-16 00:00:00,0.23205
2017-07-17 00:00:00,0.20748
2017-07-18 00:00:00,0.18291
2017-07-19 00:00:00,0.18564
2017-07-20 00:00:00,0.18473
2017-07-21 00:00:00,0.22022
2017-07-22 00:00:00,0.31577
2017-07-23 00:00:00,0.32123
2017-07-24 00:00:00,0.29302
2017-07-25 00:00:00,0.26481
2017-07-26 00:00:00,0.53508
2017-07-27 00:00:00,0.62335
2017-07-28 00:00:00,0.62335
2017-07-29 00:00:00,0.59241
2017-07-30 00:00:00,0.61516
2017-07-31 00:00:00,0.58786
2017-08-01 00:00:00,0.53235
2017-08-02 00:00:00,0.53326
2017-08-03 00:00:00,0.81445
2017-08-04 00:00:00,0.85267
2017-08-05 00:00:00,0.74074
2017-08-06 00:00:00,0.75166
2017-08-07 00:00:00,0.84994
2017-08-08 00:00:00,0.76349
2017-08-09 00:00:00,0.64883
2017-08-10 00:00:00,0.54236
2017-08-11 00:00:00,0.50414
2017-08-12 00:00:00,0.4732
2017-08-13 00:00:00,0.41223
2017-08-14 00:00:00,0.48503
2017-08-15 00:00:00,0.75803
2017-08-16 00:00:00,0.7735
2017-08-17 00:00:00,1.01465
2017-08-18 00:00:00,1.11111
2017-08-19 00:00:00,0.99281
2017-08-20 00:00:00,0.83174
2017-08-21 00:00:00,0.72891
2017-08-22 00:00:00,0.6734
2017-08-23 00:00:00,0.65156
2017-08-24 00:00:00,0.58877
2017-08-25 00:00:00,0.55055
2017-08-26 00:00:00,0.49231
2017-08-27 00:00:00,0.43225
2017-08-28 00:00:00,0.39858
2017-08-29 00:00:00,0.37765
2017-08-30 00:00:00,0.34034
2017-08-31 00:00:00,0.30758
2017-09-01 00:00:00,0.27573
2017-09-02 00:00:00,0.24479
2017-09-03 00:00:00,0.23296
2017-09-04 00:00:00,0.27027
2017-09-05 00:00:00,0.45591
2017-09-06 00:00:00,0.47229
2017-09-07 00:00:00,0.69342
2017-09-08 00:00:00,1.11566
2017-09-09 00:00:00,1.53426
2017-09-10 00:00:00,1.9019
2017-09-11 00:00:00,2.56711
2017-09-12 00:00:00,2.38693
2017-09-13 00:00:00,2.59259
2017-09-14 00:00:00,2.22859
2017-09-15 00:00:00,1.72991
2017-09-16 00:00:00,1.2922
2017-09-17 00:00:00,0.95641
2017-09-18 00:00:00,0.76531
2017-09-19 00:00:00,0.62608
2017-09-20 00:00:00,0.55328
2017-09-21 00:00:00,0.56056
2017-09-22 00:00:00,0.56147
2017-09-23 00:00:00,0.5551
2017-09-24 00:00:00,0.60333
2017-09-25 00:00:00,0.93002
2017-09-26 00:00:00,0.8827
2017-09-27 00:00:00,0.89817
2017-09-28 00:00:00,1.08745
2017-09-29 00:00:00,1.07107
2017-09-30 00:00:00,2.54891
2017-10-01 00:00:00,2.6299
2017-10-02 00:00:00,2.62717
2017-10-03 00:00:00,2.36145
2017-10-04 00:00:00,2.2659
2017-10-05 00:00:00,2.66539
2017-10-06 00:00:00,2.22768
2017-10-07 00:00:00,2.01929
2017-10-08 00:00:00,1.61798
2017-10-09 00:00:00,1.30858
2017-10-10 00:00:00,1.39958
2017-10-11 00:00:00,4.459
2017-10-12 00:00:00,4.02584
2017-10-13 00:00:00,3.43889
2017-10-14 00:00:00,2.76731
2017-10-15 00:00:00,2.12667
2017-10-16 00:00:00,1.63254
2017-10-17 00:00:00,1.33042
2017-10-18 00:00:00,1.03103
2017-10-19 00:00:00,0.88907
2017-10-20 00:00:00,0.96915
2017-10-21 00:00:00,1.21667
2017-10-22 00:00:00,1.88825
2017-10-23 00:00:00,1.8655
2017-10-24 00:00:00,2.16853
2017-10-25 00:00:00,2.26317
2017-10-26 00:00:00,1.87187
2017-10-27 00:00:00,1.47329
2017-10-28 00:00:00,1.17208
2017-10-29 00:00:00,0.91273
2017-10-30 00:00:00,0.74074
2017-10-31 00:00:00,0.62881
2017-11-01 00:00:00,0.54236
2017-11-02 00:00:00,0.46501
2017-11-03 00:00:00,0.40859
2017-11-04 00:00:00,0.38311
2017-11-05 00:00:00,0.3458
2017-11-06 00:00:00,0.31759
2017-11-07 00:00:00,0.32942
2017-11-08 00:00:00,0.32305
2017-11-09 00:00:00,0.37219
2017-11-10 00:00:00,0.37856
2017-11-11 00:00:00,0.37947
2017-11-12 00:00:00,0.35672
2017-11-13 00:00:00,0.34216
2017-11-14 00:00:00,0.42861
2017-11-15 00:00:00,0.4732
2017-11-16 00:00:00,0.51415
2017-11-17 00:00:00,0.51051
2017-11-18 00:00:00,0.48867
2017-11-19 00:00:00,0.50596
2017-11-20 00:00:00,1.08108
2017-11-21 00:00:00,2.12485
2017-11-22 00:00:00,4.75293
2017-11-23 00:00:00,4.72654
2017-11-24 00:00:00,3.47711
2017-11-25 00:00:00,2.57075
2017-11-26 00:00:00,2.07025
2017-11-27 00:00:00,2.15124
2017-11-28 00:00:00,1.85822
2017-11-29 00:00:00,1.46692
2017-11-30 00:00:00,1.13022
2017-12-01 00:00:00,0.87997
2017-12-02 00:00:00,0.72982
2017-12-03 00:00:00,0.62244
2017-12-04 00:00:00,0.53599
2017-12-05 00:00:00,0.46956
2017-12-06 00:00:00,0.5096
2017-12-07 00:00:00,0.99281
2017-12-08 00:00:00,0.95095
2017-12-09 00:00:00,0.81263
2017-12-10 00:00:00,0.70252
2017-12-11 00:00:00,0.60242
2017-12-12 00:00:00,0.61152
2017-12-13 00:00:00,1.03012
2017-12-14 00:00:00,1.33042
2017-12-15 00:00:00,1.33133
2017-12-16 00:00:00,1.12658
2017-12-17 00:00:00,1.15297
2017-12-18 00:00:00,1.04559
2017-12-19 00:00:00,0.92638
2017-12-20 00:00:00,0.87178
2017-12-21 00:00:00,0.81991
2017-12-22 00:00:00,0.7553
2017-12-23 00:00:00,0.69524
2017-12-24 00:00:00,1.34771
2017-12-25 00:00:00,3.54718
2017-12-26 00:00:00,3.21594
2017-12-27 00:00:00,2.46246
2017-12-28 00:00:00,1.84093
2017-12-29 00:00:00,1.55701
2017-12-30 00:00:00,1.61434
2017-12-31 00:00:00,1.79088
2018-01-01 00:00:00,1.66075
2018-01-02 00:00:00,1.99654
2018-01-03 00:00:00,2.76822
2018-01-04 00:00:00,2.71635
2018-01-05 00:00:00,2.43516
2018-01-06 00:00:00,1.91191
2018-01-07 00:00:00,1.456
2018-01-08 00:00:00,1.10565
2018-01-09 00:00:00,0.87087
2018-01-10 00:00:00,0.75166
2018-01-11 00:00:00,0.63336
2018-01-12 00:00:00,0.54145
2018-01-13 00:00:00,0.46865
2018-01-14 00:00:00,0.68978
2018-01-15 00:00:00,2.02475
2018-01-16 00:00:00,1.94285
2018-01-17 00:00:00,1.84002
2018-01-18 00:00:00,1.84821
2018-01-19 00:00:00,1.71535
2018-01-20 00:00:00,1.51788
2018-01-21 00:00:00,1.47602
2018-01-22 00:00:00,1.638
2018-01-23 00:00:00,2.03749
2018-01-24 00:00:00,2.17854
2018-01-25 00:00:00,1.93466
2018-01-26 00:00:00,1.65074
2018-01-27 00:00:00,2.01292
2018-01-28 00:00:00,1.91828
2018-01-29 00:00:00,1.97652
2018-01-30 00:00:00,1.81909
2018-01-31 00:00:00,1.99654
2018-02-01 00:00:00,1.71353
2018-02-02 00:00:00,1.37046
2018-02-03 00:00:00,1.15388
2018-02-04 00:00:00,0.92911
2018-02-05 00:00:00,0.77441
2018-02-06 00:00:00,0.67431
2018-02-07 00:00:00,0.60151
2018-02-08 00:00:00,1.07471
2018-02-09 00:00:00,1.19119
2018-02-10 00:00:00,1.78724
2018-02-11 00:00:00,2.17945
2018-02-12 00:00:00,1.82455
2018-02-13 00:00:00,1.70898
2018-02-14 00:00:00,2.01838
2018-02-15 00:00:00,2.28137
2018-02-16 00:00:00,1.81727
2018-02-17 00:00:00,1.57066
2018-02-18 00:00:00,1.3195
2018-02-19 00:00:00,1.12112
2018-02-20 00:00:00,0.91637
2018-02-21 00:00:00,0.76986
2018-02-22 00:00:00,0.65884
2018-02-23 00:00:00,0.56875
2018-02-24 00:00:00,0.49413
2018-02-25 00:00:00,0.43316
2018-02-26 00:00:00,0.38402
2018-02-27 00:00:00,0.3458
2018-02-28 00:00:00,0.31304
2018-03-01 00:00:00,0.27846
2018-03-02 00:00:00,0.24752
2018-03-03 00:00:00,0.22841
2018-03-04 00:00:00,0.22113
2018-03-05 00:00:00,0.23569
2018-03-06 00:00:00,0.30303
2018-03-07 00:00:00,0.29666
2018-03-08 00:00:00,0.28119
2018-03-09 00:00:00,0.27573
2018-03-10 00:00:00,0.3731
2018-03-11 00:00:00,0.41769
2018-03-12 00:00:00,0.44954
2018-03-13 00:00:00,0.44317
2018-03-14 00:00:00,0.41496
2018-03-15 00:00:00,0.47502
2018-03-16 00:00:00,0.46956
2018-03-17 00:00:00,0.43771
2018-03-18 00:00:00,0.40677
2018-03-19 00:00:00,0.3731
2018-03-20 00:00:00,0.34216
2018-03-21 00:00:00,0.32032
2018-03-22 00:00:00,0.34125
2018-03-23 00:00:00,0.56966
2018-03-24 00:00:00,0.5824
2018-03-25 00:00:00,0.53235
2018-03-26 00:00:00,0.49686
2018-03-27 00:00:00,0.61334
2018-03-28 00:00:00,0.5915
2018-03-29 00:00:00,0.53599
2018-03-30 00:00:00,0.49595
2018-03-31 00:00:00,0.44408
2018-04-01 00:00:00,0.39494
2018-04-02 00:00:00,0.56329
2018-04-03 00:00:00,0.88634
2018-04-04 00:00:00,1.35863
2018-04-05 00:00:00,1.31222
2018-04-06 00:00:00,1.09018
2018-04-07 00:00:00,0.9282
2018-04-08 00:00:00,0.79261
2018-04-09 00:00:00,0.69433
2018-04-10 00:00:00,0.70889
2018-04-11 00:00:00,0.62517
2018-04-12 00:00:00,0.55692
2018-04-13 00:00:00,0.55419
2018-04-14 00:00:00,0.50596
2018-04-15 00:00:00,0.50414
2018-04-16 00:00:00,0.53053
2018-04-17 00:00:00,0.59059
2018-04-18 00:00:00,0.68705
2018-04-19 00:00:00,0.66703
2018-04-20 00:00:00,0.61243
2018-04-21 00:00:00,0.5642
2018-04-22 00:00:00,0.53599
2018-04-23 00:00:00,0.51597
2018-04-24 00:00:00,0.50505
2018-04-25 00:00:00,0.49231
2018-04-26 00:00:00,0.44772
2018-04-27 00:00:00,0.40859
2018-04-28 00:00:00,0.37219
2018-04-29 00:00:00,0.33852
2018-04-30 00:00:00,0.30394
2018-05-01 00:00:00,0.31031
2018-05-02 00:00:00,0.45136
2018-05-03 00:00:00,0.43316
2018-05-04 00:00:00,0.42679
2018-05-05 00:00:00,0.39403
2018-05-06 00:00:00,0.35763
2018-05-07 00:00:00,0.32305
2018-05-08 00:00:00,0.29939
2018-05-09 00:00:00,0.30121
2018-05-10 00:00:00,0.30303
2018-05-11 00:00:00,0.28028
2018-05-12 00:00:00,0.27755
2018-05-13 00:00:00,0.26208
2018-05-14 00:00:00,0.23751
2018-05-15 00:00:00,0.22568
2018-05-16 00:00:00,0.21112
2018-05-17 00:00:00,0.1911
2018-05-18 00:00:00,0.1729
2018-05-19 00:00:00,0.15561
2018-05-20 00:00:00,0.14105
2018-05-21 00:00:00,0.13195
2018-05-22 00:00:00,0.12103
2018-05-23 00:00:00,0.10738
2018-05-24 00:00:00,0.09828
2018-05-25 00:00:00,0.09464
2018-05-26 00:00:00,0.08827
2018-05-27 00:00:00,0.07917
2018-05-28 00:00:00,0.07371
2018-05-29 00:00:00,0.06734
2018-05-30 00:00:00,0.0637
2018-05-31 00:00:00,0.06097
2018-06-01 00:00:00,0.05915
2018-06-02 00:00:00,0.05642
2018-06-03 00:00:00,0.05551
2018-06-04 00:00:00,0.05187
2018-06-05 00:00:00,0.04732
2018-06-06 00:00:00,0.04277
2018-06-07 00:00:00,0.03913
2018-06-08 00:00:00,0.03458
2018-06-09 00:00:00,0.03731
2018-06-10 00:00:00,0.03549
2018-06-11 00:00:00,0.03185
2018-06-12 00:00:00,0.02639
2018-06-13 00:00:00,0.05642
2018-06-14 00:00:00,0.12649
2018-06-15 00:00:00,0.11375
2018-06-16 00:00:00,0.16471
2018-06-17 00:00:00,0.18109
2018-06-18 00:00:00,0.18291
2018-06-19 00:00:00,0.18109
2018-06-20 00:00:00,0.20202
2018-06-21 00:00:00,0.18291
2018-06-22 00:00:00,0.16016
2018-06-23 00:00:00,0.14287
2018-06-24 00:00:00,0.12649
2018-06-25 00:00:00,0.11466
2018-06-26 00:00:00,0.09919
2018-06-27 00:00:00,0.08281
2018-06-28 00:00:00,0.07189
2018-06-29 00:00:00,0.06097
2018-06-30 00:00:00,0.05096
2018-07-01 00:00:00,0.04368
2018-07-02 00:00:00,0.0364
2018-07-03 00:00:00,0.03003
2018-07-04 00:00:00,0.02548
2018-07-05 00:00:00,0.02093
2018-07-06 00:00:00,0.01911
2018-07-07 00:00:00,0.01729
2018-07-08 00:00:00,0.01547
2018-07-09 00:00:00,0.01365
2018-07-10 00:00:00,0.01092
2018-07-11 00:00:00,0.0091
2018-07-12 00:00:00,0.00819
2018-07-13 00:00:00,0.01001
2018-07-14 00:00:00,0.0091
2018-07-15 00:00:00,0.00819
2018-07-16 00:00:00,0.01456
2018-07-17 00:00:00,0.01547
2018-07-18 00:00:00,0.01456
2018-07-19 00:00:00,0.01183
2018-07-20 00:00:00,0.01365
2018-07-21 00:00:00,0.01365
2018-07-22 00:00:00,0.01274
2018-07-23 00:00:00,0.01547
2018-07-24 00:00:00,0.0182
2018-07-25 00:00:00,0.01638
2018-07-26 00:00:00,0.01547
2018-07-27 00:00:00,0.01365
2018-07-28 00:00:00,0.02639
2018-07-29 00:00:00,0.09009
2018-07-30 00:00:00,0.11284
2018-07-31 00:00:00,0.11284
2018-08-01 00:00:00,0.12376
2018-08-02 00:00:00,0.23296
2018-08-03 00:00:00,0.2639
2018-08-04 00:00:00,0.25207
2018-08-05 00:00:00,0.22113
2018-08-06 00:00:00,0.19474
2018-08-07 00:00:00,0.1729
2018-08-08 00:00:00,0.15197
2018-08-09 00:00:00,0.13195
2018-08-10 00:00:00,0.11557
2018-08-11 00:00:00,0.1547
2018-08-12 00:00:00,0.35672
2018-08-13 00:00:00,0.36309
2018-08-14 00:00:00,0.33306
2018-08-15 00:00:00,0.44681
2018-08-16 00:00:00,0.73164
2018-08-17 00:00:00,0.74074
2018-08-18 00:00:00,0.89908
2018-08-19 00:00:00,2.04477
2018-08-20 00:00:00,1.89735
2018-08-21 00:00:00,1.49149
2018-08-22 00:00:00,1.14205
2018-08-23 00:00:00,0.93366
2018-08-24 00:00:00,1.10656
2018-08-25 00:00:00,1.07744
2018-08-26 00:00:00,1.03831
2018-08-27 00:00:00,1.07289
2018-08-28 00:00:00,0.94094
2018-08-29 00:00:00,0.80444
2018-08-30 00:00:00,0.66885
2018-08-31 00:00:00,0.55874
2018-09-01 00:00:00,0.47229
2018-09-02 00:00:00,0.41678
2018-09-03 00:00:00,0.38402
2018-09-04 00:00:00,0.3367
2018-09-05 00:00:00,0.29393
2018-09-06 00:00:00,0.25935
2018-09-07 00:00:00,0.22841
2018-09-08 00:00:00,0.23114
2018-09-09 00:00:00,0.29666
2018-09-10 00:00:00,0.5642
2018-09-11 00:00:00,1.53608
2018-09-12 00:00:00,1.52243
2018-09-13 00:00:00,1.25944
2018-09-14 00:00:00,1.11384
2018-09-15 00:00:00,0.97188
2018-09-16 00:00:00,1.32223
2018-09-17 00:00:00,1.28128
2018-09-18 00:00:00,1.38957
2018-09-19 00:00:00,1.28947
2018-09-20 00:00:00,1.41687
2018-09-21 00:00:00,2.0202
2018-09-22 00:00:00,1.81181
2018-09-23 00:00:00,1.45145
2018-09-24 00:00:00,1.11202
2018-09-25 00:00:00,0.92911
2018-09-26 00:00:00,1.09837
2018-09-27 00:00:00,0.97552
2018-09-28 00:00:00,0.82082
2018-09-29 00:00:00,0.6916
2018-09-30 00:00:00,0.59059
2018-10-01 00:00:00,0.51688
2018-10-02 00:00:00,0.47502
2018-10-03 00:00:00,0.41769
2018-10-04 00:00:00,0.44317
2018-10-05 00:00:00,0.6461
2018-10-06 00:00:00,0.66066
2018-10-07 00:00:00,0.6916
2018-10-08 00:00:00,0.76895
2018-10-09 00:00:00,0.71162
2018-10-10 00:00:00,0.637
2018-10-11 00:00:00,0.59059
2018-10-12 00:00:00,1.092
2018-10-13 00:00:00,4.76112
2018-10-14 00:00:00,5.17881
2018-10-15 00:00:00,3.80926
2018-10-16 00:00:00,2.81554
2018-10-17 00:00:00,2.18764
2018-10-18 00:00:00,1.64255
2018-10-19 00:00:00,1.22577
2018-10-20 00:00:00,0.97552
2018-10-21 00:00:00,0.9555
2018-10-22 00:00:00,0.85085
2018-10-23 00:00:00,0.728
2018-10-24 00:00:00,0.63154
2018-10-25 00:00:00,0.5551
2018-10-26 00:00:00,0.49868
2018-10-27 00:00:00,0.42406
2018-10-28 00:00:00,0.37037
2018-10-29 00:00:00,0.33033
2018-10-30 00:00:00,0.30121
2018-10-31 00:00:00,0.32214
2018-11-01 00:00:00,0.37128
2018-11-02 00:00:00,0.36218
2018-11-03 00:00:00,0.94094
2018-11-04 00:00:00,2.33779
2018-11-05 00:00:00,2.44153
2018-11-06 00:00:00,2.01019
2018-11-07 00:00:00,1.66257
2018-11-08 00:00:00,1.38957
2018-11-09 00:00:00,1.27218
2018-11-10 00:00:00,1.46146
2018-11-11 00:00:00,1.54245
2018-11-12 00:00:00,2.15852
2018-11-13 00:00:00,2.62535
2018-11-14 00:00:00,2.90108
2018-11-15 00:00:00,2.64173
2018-11-16 00:00:00,2.10665
2018-11-17 00:00:00,1.63072
2018-11-18 00:00:00,1.23851
2018-11-19 00:00:00,0.94094
2018-11-20 00:00:00,0.75894
2018-11-21 00:00:00,0.6279
2018-11-22 00:00:00,0.53053
2018-11-23 00:00:00,0.45864
2018-11-24 00:00:00,0.39949
2018-11-25 00:00:00,0.35308
2018-11-26 00:00:00,0.31031
2018-11-27 00:00:00,0.35308
2018-11-28 00:00:00,0.60424
2018-11-29 00:00:00,1.16025
2018-11-30 00:00:00,1.37683
2018-12-01 00:00:00,1.50605
2018-12-02 00:00:00,1.98835
2018-12-03 00:00:00,2.09027
2018-12-04 00:00:00,1.75175
2018-12-05 00:00:00,1.76995
2018-12-06 00:00:00,2.35235
2018-12-07 00:00:00,3.49076
2018-12-08 00:00:00,3.10947
2018-12-09 00:00:00,2.84921
2018-12-10 00:00:00,2.28319
2018-12-11 00:00:00,1.79725
2018-12-12 00:00:00,1.38502
2018-12-13 00:00:00,1.05105
2018-12-14 00:00:00,0.82719
2018-12-15 00:00:00,0.95914
2018-12-16 00:00:00,1.40868
2018-12-17 00:00:00,1.36136
2018-12-18 00:00:00,1.42051
2018-12-19 00:00:00,1.46692
2018-12-20 00:00:00,1.56975
2018-12-21 00:00:00,1.64983
2018-12-22 00:00:00,1.56156
2018-12-23 00:00:00,1.44963
2018-12-24 00:00:00,1.2376
2018-12-25 00:00:00,1.03831
2018-12-26 00:00:00,0.87997
2018-12-27 00:00:00,0.75621
2018-12-28 00:00:00,0.6825
2018-12-29 00:00:00,0.70889
2018-12-30 00:00:00,0.70161
2018-12-31 00:00:00,0.64974
2019-01-01 00:00:00,0.646
2019-01-02 00:00:00,0.58
2019-01-03 00:00:00,0.525
2019-01-04 00:00:00,0.476
2019-01-05 00:00:00,0.433
2019-01-06 00:00:00,0.403
2019-01-07 00:00:00,0.407
2019-01-08 00:00:00,0.378
2019-01-09 00:00:00,0.349
2019-01-10 00:00:00,0.321
2019-01-11 00:00:00,0.301
2019-01-12 00:00:00,0.313
2019-01-13 00:00:00,0.342
2019-01-14 00:00:00,0.328
2019-01-15 00:00:00,0.327
2019-01-16 00:00:00,0.35
2019-01-17 00:00:00,0.346
2019-01-18 00:00:00,0.354
2019-01-19 00:00:00,0.372
2019-01-20 00:00:00,0.378
2019-01-21 00:00:00,0.434
2019-01-22 00:00:00,0.613
2019-01-23 00:00:00,0.641
2019-01-24 00:00:00,0.631
2019-01-25 00:00:00,0.728
2019-01-26 00:00:00,0.988
2019-01-27 00:00:00,1.223
2019-01-28 00:00:00,1.104
2019-01-29 00:00:00,1.536
2019-01-30 00:00:00,1.545
2019-01-31 00:00:00,1.313
2019-02-01 00:00:00,1.068
2019-02-02 00:00:00,0.88
2019-02-03 00:00:00,0.955
2019-02-04 00:00:00,1.656
2019-02-05 00:00:00,2
2019-02-06 00:00:00,2.518
2019-02-07 00:00:00,2.304
2019-02-08 00:00:00,3.709
2019-02-09 00:00:00,4.116
2019-02-10 00:00:00,3.454
2019-02-11 00:00:00,2.636
2019-02-12 00:00:00,2.095
2019-02-13 00:00:00,1.735
2019-02-14 00:00:00,1.374
2019-02-15 00:00:00,1.083
2019-02-16 00:00:00,0.889
2019-02-17 00:00:00,0.756
2019-02-18 00:00:00,0.677
2019-02-19 00:00:00,0.69
2019-02-20 00:00:00,1.797
2019-02-21 00:00:00,3.248
2019-02-22 00:00:00,2.806
2019-02-23 00:00:00,2.189
2019-02-24 00:00:00,1.695
2019-02-25 00:00:00,1.285
2019-02-26 00:00:00,0.991
2019-02-27 00:00:00,0.807
2019-02-28 00:00:00,0.688
2019-03-01 00:00:00,0.606
2019-03-02 00:00:00,0.721
2019-03-03 00:00:00,1.053
2019-03-04 00:00:00,1.419
2019-03-05 00:00:00,1.709
2019-03-06 00:00:00,2.692
2019-03-07 00:00:00,2.944
2019-03-08 00:00:00,2.898
2019-03-09 00:00:00,3.243
2019-03-10 00:00:00,2.889
2019-03-11 00:00:00,2.914
2019-03-12 00:00:00,4.653
2019-03-13 00:00:00,4.293
2019-03-14 00:00:00,4.894
2019-03-15 00:00:00,4.192
2019-03-16 00:00:00,5.222
2019-03-17 00:00:00,4.451
2019-03-18 00:00:00,3.289
2019-03-19 00:00:00,2.43
2019-03-20 00:00:00,1.842
2019-03-21 00:00:00,1.391
2019-03-22 00:00:00,1.094
2019-03-23 00:00:00,0.894
2019-03-24 00:00:00,0.748
2019-03-25 00:00:00,0.638
2019-03-26 00:00:00,0.552
2019-03-27 00:00:00,0.483
2019-03-28 00:00:00,0.43
2019-03-29 00:00:00,0.391
2019-03-30 00:00:00,0.361
2019-03-31 00:00:00,0.325
2019-04-01 00:00:00,0.334
2019-04-02 00:00:00,0.418
2019-04-03 00:00:00,0.415
2019-04-04 00:00:00,0.387
2019-04-05 00:00:00,0.355
2019-04-06 00:00:00,0.328
2019-04-07 00:00:00,0.304
2019-04-08 00:00:00,0.285
2019-04-09 00:00:00,0.265
2019-04-10 00:00:00,0.247
2019-04-11 00:00:00,0.233
2019-04-12 00:00:00,0.219
2019-04-13 00:00:00,0.208
2019-04-14 00:00:00,0.195
2019-04-15 00:00:00,0.185
2019-04-16 00:00:00,0.184
2019-04-17 00:00:00,0.179
2019-04-18 00:00:00,0.172
2019-04-19 00:00:00,0.164
2019-04-20 00:00:00,0.159
2019-04-21 00:00:00,0.153
2019-04-22 00:00:00,0.144
2019-04-23 00:00:00,0.134
2019-04-24 00:00:00,0.137
2019-04-25 00:00:00,0.144
2019-04-26 00:00:00,0.172
2019-04-27 00:00:00,0.254
2019-04-28 00:00:00,0.301
2019-04-29 00:00:00,0.29
2019-04-30 00:00:00,0.266
2019-05-01 00:00:00,0.246
2019-05-02 00:00:00,0.237
2019-05-03 00:00:00,0.244
2019-05-04 00:00:00,0.223
2019-05-05 00:00:00,0.204
2019-05-06 00:00:00,0.192
2019-05-07 00:00:00,0.196
2019-05-08 00:00:00,0.2
2019-05-09 00:00:00,0.195
2019-05-10 00:00:00,0.2
2019-05-11 00:00:00,0.19
2019-05-12 00:00:00,0.174
2019-05-13 00:00:00,0.164
2019-05-14 00:00:00,0.152
2019-05-15 00:00:00,0.14
2019-05-16 00:00:00,0.126
2019-05-17 00:00:00,0.117
2019-05-18 00:00:00,0.106
2019-05-19 00:00:00,0.099
2019-05-20 00:00:00,0.093
2019-05-21 00:00:00,0.087
2019-05-22 00:00:00,0.079
2019-05-23 00:00:00,0.076
2019-05-24 00:00:00,0.07
2019-05-25 00:00:00,0.072
2019-05-26 00:00:00,0.105
2019-05-27 00:00:00,0.094
2019-05-28 00:00:00,0.087
2019-05-29 00:00:00,0.121
2019-05-30 00:00:00,0.206
2019-05-31 00:00:00,0.351
2019-06-01 00:00:00,0.391
2019-06-02 00:00:00,0.402
2019-06-03 00:00:00,0.371
2019-06-04 00:00:00,0.401
2019-06-05 00:00:00,0.525
2019-06-06 00:00:00,0.518
2019-06-07 00:00:00,0.576
2019-06-08 00:00:00,0.828
2019-06-09 00:00:00,0.814
2019-06-10 00:00:00,0.725
2019-06-11 00:00:00,0.626
2019-06-12 00:00:00,0.552
2019-06-13 00:00:00,0.507
2019-06-14 00:00:00,0.46
2019-06-15 00:00:00,0.417
2019-06-16 00:00:00,0.471
2019-06-17 00:00:00,0.56
2019-06-18 00:00:00,0.511
2019-06-19 00:00:00,0.457
2019-06-20 00:00:00,0.408
2019-06-21 00:00:00,0.362
2019-06-22 00:00:00,0.32
2019-06-23 00:00:00,0.303
2019-06-24 00:00:00,0.325
2019-06-25 00:00:00,0.3
2019-06-26 00:00:00,0.265
2019-06-27 00:00:00,0.235
2019-06-28 00:00:00,0.208
2019-06-29 00:00:00,0.188
2019-06-30 00:00:00,0.167
2019-07-01 00:00:00,0.152
2019-07-02 00:00:00,0.138
2019-07-03 00:00:00,0.123
2019-07-04 00:00:00,0.112
2019-07-05 00:00:00,0.103
2019-07-06 00:00:00,0.093
2019-07-07 00:00:00,0.083
2019-07-08 00:00:00,0.075
2019-07-09 00:00:00,0.073
2019-07-10 00:00:00,0.073
2019-07-11 00:00:00,0.074
2019-07-12 00:00:00,0.067
2019-07-13 00:00:00,0.06
2019-07-14 00:00:00,0.055
2019-07-15 00:00:00,0.053
2019-07-16 00:00:00,0.05
2019-07-17 00:00:00,0.068
2019-07-18 00:00:00,0.082
2019-07-19 00:00:00,0.101
2019-07-20 00:00:00,0.248
2019-07-21 00:00:00,0.918
2019-07-22 00:00:00,2.477
2019-07-23 00:00:00,2.148
2019-07-24 00:00:00,1.912
2019-07-25 00:00:00,1.564
2019-07-26 00:00:00,1.219
2019-07-27 00:00:00,1.014
2019-07-28 00:00:00,0.968
2019-07-29 00:00:00,0.96
2019-07-30 00:00:00,0.913
2019-07-31 00:00:00,0.9
2019-08-01 00:00:00,0.844
2019-08-02 00:00:00,0.726
2019-08-03 00:00:00,0.62
2019-08-04 00:00:00,0.556
2019-08-05 00:00:00,0.5
2019-08-06 00:00:00,0.761
2019-08-07 00:00:00,0.904
2019-08-08 00:00:00,0.829
2019-08-09 00:00:00,1.502
2019-08-10 00:00:00,3.47
2019-08-11 00:00:00,4.342
2019-08-12 00:00:00,3.71
2019-08-13 00:00:00,2.991
2019-08-14 00:00:00,2.57
2019-08-15 00:00:00,2.229
2019-08-16 00:00:00,2.742
2019-08-17 00:00:00,3.261
2019-08-18 00:00:00,2.685
2019-08-19 00:00:00,2.092
2019-08-20 00:00:00,1.583
2019-08-21 00:00:00,1.466
2019-08-22 00:00:00,2.541
2019-08-23 00:00:00,2.484
2019-08-24 00:00:00,2.051
2019-08-25 00:00:00,1.589
2019-08-26 00:00:00,1.191
2019-08-27 00:00:00,0.921
2019-08-28 00:00:00,0.78
2019-08-29 00:00:00,0.661
2019-08-30 00:00:00,0.574
2019-08-31 00:00:00,0.537
2019-09-01 00:00:00,0.527
2019-09-02 00:00:00,0.685
2019-09-03 00:00:00,1.134
2019-09-04 00:00:00,1.586
2019-09-05 00:00:00,1.559
2019-09-06 00:00:00,1.429
2019-09-07 00:00:00,1.193
2019-09-08 00:00:00,0.969
2019-09-09 00:00:00,0.854
2019-09-10 00:00:00,0.797
2019-09-11 00:00:00,1.148
2019-09-12 00:00:00,1.342
2019-09-13 00:00:00,1.373
2019-09-14 00:00:00,1.168
2019-09-15 00:00:00,0.981
2019-09-16 00:00:00,0.826
2019-09-17 00:00:00,0.693
2019-09-18 00:00:00,0.587
2019-09-19 00:00:00,0.504
2019-09-20 00:00:00,0.439
2019-09-21 00:00:00,0.385
2019-09-22 00:00:00,0.493
2019-09-23 00:00:00,0.53
2019-09-24 00:00:00,0.864
2019-09-25 00:00:00,1.122
2019-09-26 00:00:00,1.63
2019-09-27 00:00:00,2.1
2019-09-28 00:00:00,2.481
2019-09-29 00:00:00,3.009
2019-09-30 00:00:00,2.924
2019-10-01 00:00:00,3.05
2019-10-02 00:00:00,2.646
2019-10-03 00:00:00,2.26
2019-10-04 00:00:00,2.395
2019-10-05 00:00:00,2.278
2019-10-06 00:00:00,2.952
2019-10-07 00:00:00,2.866
2019-10-08 00:00:00,2.607
2019-10-09 00:00:00,2.18
2019-10-10 00:00:00,1.894
2019-10-11 00:00:00,2.036
2019-10-12 00:00:00,1.77
2019-10-13 00:00:00,1.658
2019-10-14 00:00:00,1.546
2019-10-15 00:00:00,1.301
2019-10-16 00:00:00,1.256
2019-10-17 00:00:00,1.126
2019-10-18 00:00:00,0.992
2019-10-19 00:00:00,0.867
2019-10-20 00:00:00,0.748
2019-10-21 00:00:00,0.637
2019-10-22 00:00:00,0.558
2019-10-23 00:00:00,0.497
2019-10-24 00:00:00,0.47
2019-10-25 00:00:00,0.49
2019-10-26 00:00:00,0.525
2019-10-27 00:00:00,0.509
2019-10-28 00:00:00,0.471
2019-10-29 00:00:00,0.436
2019-10-30 00:00:00,0.405
2019-10-31 00:00:00,0.387
2019-11-01 00:00:00,0.706
2019-11-02 00:00:00,1.45
2019-11-03 00:00:00,1.442
2019-11-04 00:00:00,1.291
2019-11-05 00:00:00,1.082
2019-11-06 00:00:00,0.931
2019-11-07 00:00:00,0.938
2019-11-08 00:00:00,0.853
2019-11-09 00:00:00,0.751
2019-11-10 00:00:00,0.703
2019-11-11 00:00:00,1.047
2019-11-12 00:00:00,1.841
2019-11-13 00:00:00,1.756
2019-11-14 00:00:00,1.461
2019-11-15 00:00:00,1.154
2019-11-16 00:00:00,0.932
2019-11-17 00:00:00,0.808
2019-11-18 00:00:00,0.693
2019-11-19 00:00:00,0.598
2019-11-20 00:00:00,0.522
2019-11-21 00:00:00,0.462
2019-11-22 00:00:00,0.454
2019-11-23 00:00:00,0.454
2019-11-24 00:00:00,0.437
2019-11-25 00:00:00,0.45
2019-11-26 00:00:00,0.557
2019-11-27 00:00:00,0.642
2019-11-28 00:00:00,0.674
2019-11-29 00:00:00,0.619
2019-11-30 00:00:00,0.57
2019-12-01 00:00:00,0.52
2019-12-02 00:00:00,0.48
2019-12-03 00:00:00,0.445
2019-12-04 00:00:00,0.447
2019-12-05 00:00:00,0.981
2019-12-06 00:00:00,1.973
2019-12-07 00:00:00,2.559
2019-12-08 00:00:00,3.845
2019-12-09 00:00:00,3.38
2019-12-10 00:00:00,4.322
2019-12-11 00:00:00,4.484
2019-12-12 00:00:00,3.697
2019-12-13 00:00:00,3.067
2019-12-14 00:00:00,2.52
2019-12-15 00:00:00,2.146
2019-12-16 00:00:00,2.066
2019-12-17 00:00:00,1.838
2019-12-18 00:00:00,1.689
2019-12-19 00:00:00,2.065
2019-12-20 00:00:00,2.196
2019-12-21 00:00:00,1.905
2019-12-22 00:00:00,1.668
2019-12-23 00:00:00,1.456
2019-12-24 00:00:00,1.377
2019-12-25 00:00:00,1.225
2019-12-26 00:00:00,1.062
2019-12-27 00:00:00,0.942
2019-12-28 00:00:00,0.841
2019-12-29 00:00:00,0.739
2019-12-30 00:00:00,0.66
2019-12-31 00:00:00,0.59
2020-01-01 00:00:00,0.528
2020-01-02 00:00:00,0.605
2020-01-03 00:00:00,0.74
2020-01-04 00:00:00,0.721
2020-01-05 00:00:00,0.713
2020-01-06 00:00:00,0.946
2020-01-07 00:00:00,1.407
2020-01-08 00:00:00,1.563
2020-01-09 00:00:00,1.872
2020-01-10 00:00:00,1.747
2020-01-11 00:00:00,1.906
2020-01-12 00:00:00,2.161
2020-01-13 00:00:00,2.017
2020-01-14 00:00:00,2.212
2020-01-15 00:00:00,2.2
2020-01-16 00:00:00,2.022
2020-01-17 00:00:00,2.124
2020-01-18 00:00:00,1.849
2020-01-19 00:00:00,1.513
2020-01-20 00:00:00,1.215
2020-01-21 00:00:00,0.984
2020-01-22 00:00:00,0.828
2020-01-23 00:00:00,0.707
2020-01-24 00:00:00,0.613
2020-01-25 00:00:00,0.56
2020-01-26 00:00:00,0.613
2020-01-27 00:00:00,0.684
2020-01-28 00:00:00,0.793
2020-01-29 00:00:00,0.988
2020-01-30 00:00:00,1.329
2020-01-31 00:00:00,2.232
2020-02-01 00:00:00,2.396
2020-02-02 00:00:00,2.195
2020-02-03 00:00:00,2.032
2020-02-04 00:00:00,1.71
2020-02-05 00:00:00,1.379
2020-02-06 00:00:00,1.106
2020-02-07 00:00:00,0.914
2020-02-08 00:00:00,1.436
2020-02-09 00:00:00,5.261
2020-02-10 00:00:00,4.454
2020-02-11 00:00:00,3.395
2020-02-12 00:00:00,2.548
2020-02-13 00:00:00,2.145
2020-02-14 00:00:00,2.078
2020-02-15 00:00:00,3.356
2020-02-16 00:00:00,4.277
2020-02-17 00:00:00,3.372
2020-02-18 00:00:00,2.736
2020-02-19 00:00:00,3.35
2020-02-20 00:00:00,5.745
2020-02-21 00:00:00,5.737
2020-02-22 00:00:00,7.03905
2020-02-23 00:00:00,5.988756
2020-02-24 00:00:00,5.838816
2020-02-25 00:00:00,5.621046
2020-02-26 00:00:00,4.612878
2020-02-27 00:00:00,3.698958
2020-02-28 00:00:00,3.324822
2020-02-29 00:00:00,4.013832
2020-03-01 00:00:00,3.862464
2020-03-02 00:00:00,3.262704
2020-03-03 00:00:00,2.695074
2020-03-04 00:00:00,2.203842
2020-03-05 00:00:00,1.682622
2020-03-06 00:00:00,1.382028
2020-03-07 00:00:00,1.279926
2020-03-08 00:00:00,1.696902
2020-03-09 00:00:00,2.032482
2020-03-10 00:00:00,3.07635
2020-03-11 00:00:00,3.092058
2020-03-12 00:00:00,2.856438
2020-03-13 00:00:00,2.560842
2020-03-14 00:00:00,2.255964
2020-03-15 00:00:00,2.216694
2020-03-16 00:00:00,1.858266
2020-03-17 00:00:00,2.089602
2020-03-18 00:00:00,2.374488
2020-03-19 00:00:00,2.11602
2020-03-20 00:00:00,1.658346
2020-03-21 00:00:00,1.37346
2020-03-22 00:00:00,1.139982
2020-03-23 00:00:00,0.949344
2020-03-24 00:00:00,0.7737
2020-03-25 00:00:00,0.632328
2020-03-26 00:00:00,0.5137326
2020-03-27 00:00:00,0.4267674
2020-03-28 00:00:00,0.3675768
2020-03-29 00:00:00,0.2481246
2020-03-30 00:00:00,0.1906476
2020-03-31 00:00:00,0.1466652
2020-04-01 00:00:00,0.1122504
2020-04-02 00:00:00,0.1021116
2020-04-03 00:00:00,0.083976
2020-04-04 00:00:00,0.0811914
2020-04-05 00:00:00,0.0588432
2020-04-06 00:00:00,0.0733374
2020-04-07 00:00:00,0.0760506
2020-04-08 00:00:00,0.0689106
2020-04-09 00:00:00,0.068982
2020-04-10 00:00:00,0.0537024
2020-04-11 00:00:00,0.0412074
2020-04-12 00:00:00,0.0780498
2020-04-13 00:00:00,0.037209
2020-04-14 00:00:00,0.0149322
2020-04-15 00:00:00,0.0187878
2020-04-16 00:00:00,0.038637
2020-04-17 00:00:00,0.0237858
2020-04-18 00:00:00,0.0084348
2020-04-19 00:00:00,0.0056502
2020-04-20 00:00:00,0.0177168
2020-04-21 00:00:00,0.0044364
2020-04-22 00:00:00,0
2020-04-23 00:00:00,0
2020-04-24 00:00:00,0
2020-04-25 00:00:00,0
2020-04-26 00:00:00,0
2020-04-27 00:00:00,0
2020-04-28 00:00:00,0
2020-04-29 00:00:00,0
2020-04-30 00:00:00,0.0033654
2020-05-01 00:00:00,0.0038652
2020-05-02 00:00:00,0.010791
2020-05-03 00:00:00,0.0092202
2020-05-04 00:00:00,0
2020-05-05 00:00:00,0.0164316
2020-05-06 00:00:00,0.007935
2020-05-07 00:00:00,0
2020-05-08 00:00:00,0
2020-05-09 00:00:00,0
2020-05-10 00:00:00,0.0130758
2020-05-11 00:00:00,0
2020-05-12 00:00:00,0
2020-05-13 00:00:00,0
2020-05-14 00:00:00,0
2020-05-15 00:00:00,0
2020-05-16 00:00:00,0
2020-05-17 00:00:00,0
2020-05-18 00:00:00,0
2020-05-19 00:00:00,0.0015804
2020-05-20 00:00:00,0.0117192
2020-05-21 00:00:00,0.0057216
2020-05-22 00:00:00,0
2020-05-23 00:00:00,0.028284
2020-05-24 00:00:00,0.128958
2020-05-25 00:00:00,0.1802232
2020-05-26 00:00:00,0.176082
2020-05-27 00:00:00,0.1591602
2020-05-28 00:00:00,0.1318854
2020-05-29 00:00:00,0.1017546
2020-05-30 00:00:00,0.0759078
2020-05-31 00:00:00,0.053988
2020-06-01 00:00:00,0.039708
2020-06-02 00:00:00,0.019716
2020-06-03 00:00:00,0.031854
2020-06-04 00:00:00,0
2020-06-05 00:00:00,0
2020-06-06 00:00:00,0.017574
2020-06-07 00:00:00,0.023286
2020-06-08 00:00:00,0.011862
2020-06-09 00:00:00,0.004722
2020-06-10 00:00:00,0.039708
2020-06-11 00:00:00,0.058986
2020-06-12 00:00:00,0.039708
2020-06-13 00:00:00,0.021858
2020-06-14 00:00:00,0.009006
2020-06-15 00:00:00,0.017574
2020-06-16 00:00:00,0.048276
2020-06-17 00:00:00,0.082548
2020-06-18 00:00:00,0.101826
2020-06-19 00:00:00,0.082548
2020-06-20 00:00:00,0.100398
2020-06-21 00:00:00,0.167514
2020-06-22 00:00:00,0.218922
2020-06-23 00:00:00,0.250338
2020-06-24 00:00:00,0.230346
2020-06-25 00:00:00,0.17037
2020-06-26 00:00:00,0.128244
2020-06-27 00:00:00,0.155376
2020-06-28 00:00:00,1.2021
2020-06-29 00:00:00,3.10848
2020-06-30 00:00:00,3.02994
2020-07-01 00:00:00,2.4873
2020-07-02 00:00:00,1.94466
2020-07-03 00:00:00,2.18742
2020-07-04 00:00:00,2.93712
2020-07-05 00:00:00,3.01566
2020-07-06 00:00:00,2.89428
2020-07-07 00:00:00,2.4516
2020-07-08 00:00:00,1.92324
2020-07-09 00:00:00,1.58052
2020-07-10 00:00:00,1.30206
2020-07-11 00:00:00,1.04502
2020-07-12 00:00:00,0.82368
2020-07-13 00:00:00,0.69516
2020-07-14 00:00:00,0.585918
2020-07-15 00:00:00,0.469536
2020-07-16 00:00:00,0.375288
2020-07-17 00:00:00,0.351726
2020-07-18 00:00:00,0.81654
2020-07-19 00:00:00,0.85224
2020-07-20 00:00:00,0.7023
2020-07-21 00:00:00,0.546648
2020-07-22 00:00:00,0.453114
2020-07-23 00:00:00,0.628044
2020-07-24 00:00:00,0.68088
2020-07-25 00:00:00,0.81654
2020-07-26 00:00:00,0.89508
2020-07-27 00:00:00,1.69476
2020-07-28 00:00:00,2.07318
2020-07-29 00:00:00,1.82328
2020-07-30 00:00:00,1.58052
2020-07-31 00:00:00,1.31634
2020-08-01 00:00:00,1.08786
2020-08-02 00:00:00,0.93078
2020-08-03 00:00:00,0.78798
2020-08-04 00:00:00,0.86652
2020-08-05 00:00:00,1.9875
2020-08-06 00:00:00,2.46588
2020-08-07 00:00:00,2.14458
2020-08-08 00:00:00,1.68762
2020-08-09 00:00:00,1.37346
2020-08-10 00:00:00,1.18068
2020-08-11 00:00:00,1.2735
2020-08-12 00:00:00,1.23066
2020-08-13 00:00:00,1.12356
2020-08-14 00:00:00,0.9522
2020-08-15 00:00:00,0.80226
2020-08-16 00:00:00,0.75228
2020-08-17 00:00:00,0.71658
2020-08-18 00:00:00,0.69516
2020-08-19 00:00:00,0.75942
2020-08-20 00:00:00,0.85224
2020-08-21 00:00:00,1.06644
2020-08-22 00:00:00,1.33062
2020-08-23 00:00:00,1.58766
2020-08-24 00:00:00,1.80186
2020-08-25 00:00:00,2.71578
2020-08-26 00:00:00,3.22272
2020-08-27 00:00:00,2.85144
2020-08-28 00:00:00,2.54442
2020-08-29 00:00:00,2.08032
2020-08-30 00:00:00,1.61622
2020-08-31 00:00:00,1.33062
2020-09-01 00:00:00,1.095
2020-09-02 00:00:00,1.06644
2020-09-03 00:00:00,1.53768
2020-09-04 00:00:00,1.47342
2020-09-05 00:00:00,1.35204
2020-09-06 00:00:00,1.3092
2020-09-07 00:00:00,1.23066
2020-09-08 00:00:00,1.20924
2020-09-09 00:00:00,1.28064
2020-09-10 00:00:00,1.17354
2020-09-11 00:00:00,1.04502
2020-09-12 00:00:00,0.97362
2020-09-13 00:00:00,0.92364
2020-09-14 00:00:00,0.82368
2020-09-15 00:00:00,0.68802
2020-09-16 00:00:00,0.574494
2020-09-17 00:00:00,0.443832
2020-09-18 00:00:00,0.368148
2020-09-19 00:00:00,0.288894
2020-09-20 00:00:00,0.201072
2020-09-21 00:00:00,0.151092
2020-09-22 00:00:00,0.14181
2020-09-23 00:00:00,0.185364
2020-09-24 00:00:00,0.228918
2020-09-25 00:00:00,0.214638
2020-09-26 00:00:00,0.194646
2020-09-27 00:00:00,0.153948
2020-09-28 00:00:00,0.143238
2020-09-29 00:00:00,0.12753
2020-09-30 00:00:00,0.321738
2020-10-01 00:00:00,0.5657118
2020-10-02 00:00:00,0.580563
2020-10-03 00:00:00,0.726576
2020-10-04 00:00:00,1.075008
2020-10-05 00:00:00,1.072866
2020-10-06 00:00:00,1.006464
2020-10-07 00:00:00,0.99861
2020-10-08 00:00:00,1.055016
2020-10-09 00:00:00,1.102854
2020-10-10 00:00:00,1.164258
2020-10-11 00:00:00,1.110708
2020-10-12 00:00:00,1.03788
2020-10-13 00:00:00,0.988614
2020-10-14 00:00:00,0.856524
2020-10-15 00:00:00,0.723006
2020-10-16 00:00:00,0.6069096
2020-10-17 00:00:00,0.5138754
2020-10-18 00:00:00,0.4258392
2020-10-19 00:00:00,0.3896394
2020-10-20 00:00:00,0.3949944
2020-10-21 00:00:00,0.4078464
2020-10-22 00:00:00,0.5160888
2020-10-23 00:00:00,0.6257592
2020-10-24 00:00:00,1.031454
2020-10-25 00:00:00,1.67334
2020-10-26 00:00:00,2.520858
2020-10-27 00:00:00,2.69436
2020-10-28 00:00:00,2.7372
2020-10-29 00:00:00,3.33696
2020-10-30 00:00:00,4.109508
2020-10-31 00:00:00,3.65112
2020-11-01 00:00:00,4.145208
2020-11-02 00:00:00,5.04699
2020-11-03 00:00:00,4.739256
2020-11-04 00:00:00,3.891024
2020-11-05 00:00:00,3.143466
2020-11-06 00:00:00,2.520858
2020-11-07 00:00:00,1.91967
2020-11-08 00:00:00,1.529112
2020-11-09 00:00:00,1.263504
2020-11-10 00:00:00,1.043592
2020-11-11 00:00:00,0.905076
2020-11-12 00:00:00,0.94149
2020-11-13 00:00:00,1.063584
2020-11-14 00:00:00,1.19496
2020-11-15 00:00:00,1.656204
2020-11-16 00:00:00,2.44803
2020-11-17 00:00:00,2.843586
2020-11-18 00:00:00,3.035652
2020-11-19 00:00:00,3.073494
2020-11-20 00:00:00,2.822166
2020-11-21 00:00:00,3.067782
2020-11-22 00:00:00,2.832876
2020-11-23 00:00:00,2.418042
2020-11-24 00:00:00,2.455884
2020-11-25 00:00:00,2.29095
2020-11-26 00:00:00,1.854696
2020-11-27 00:00:00,1.543392
2020-11-28 00:00:00,1.299204
2020-11-29 00:00:00,1.085718
2020-11-30 00:00:00,0.960054
2020-12-01 00:00:00,0.860094
2020-12-02 00:00:00,0.728718
2020-12-03 00:00:00,0.711582
2020-12-04 00:00:00,0.718722
2020-12-05 00:00:00,0.69516
2020-12-06 00:00:00,0.65232
2020-12-07 00:00:00,0.5914872
2020-12-08 00:00:00,0.5747082
2020-12-09 00:00:00,0.563784
2020-12-10 00:00:00,0.6060528
2020-12-11 00:00:00,0.935778
2020-12-12 00:00:00,1.012176
2020-12-13 00:00:00,1.379172
2020-12-14 00:00:00,2.628672
2020-12-15 00:00:00,2.78718
2020-12-16 00:00:00,2.732202
2020-12-17 00:00:00,3.01209
2020-12-18 00:00:00,3.963852
2020-12-19 00:00:00,4.39725
2020-12-20 00:00:00,4.273014
2020-12-21 00:00:00,3.70824
2020-12-22 00:00:00,3.041364
2020-12-23 00:00:00,2.515146
2020-12-24 00:00:00,1.966794
2020-12-25 00:00:00,1.556958
2020-12-26 00:00:00,1.589802
2020-12-27 00:00:00,2.496582
2020-12-28 00:00:00,2.368776
2020-12-29 00:00:00,1.933236
2020-12-30 00:00:00,1.575522
2020-12-31 00:00:00,1.33062
